id,"First Name","Last Name","User Email","User Login"
1,,,admin@gmail.com,admin
4,NGUYỄN,TÀI,nguyentuantai792003@gmail.com,fait7903
5,Nguyen,Tai,tai@gmail.com,"Nguyen Tai"
6,"Phạm Minh",Quang,minhquangpham311@gmail.com,admin2
7,NGUYỄN,"TUAN TÀI",user@gmail.com,USERNAME
8,David,A,david@gmail.com,david
9,Nguyen,Tai,tai123@gmail.com,tai123
10,Nguyen,Quang,quang@gmail.com,quang
11,Pham,Quang,quang2@gmail.com,quang1
12,Tran,Quang,quang3@gmail.com,quang2
13,Hoang,Quang,quang4@gmail.com,quang3
14,Phung,Phu,phu@gmail.com,phu1
15,Nguyen,Phu,phu2@gmail.com,phu2
16,Tran,Phu,phu3@gmail.com,phu3
17,A,Phu,phu5@gmail.com,phu5
18,Phạm,Quang,test1@gmail.com,test1
19,Phạm,Phương,test4@gmail.com,test4
20,abc,abcd,example2@gmail.com,test5
21,Mai,Minh,test6@gmail.com,test6
22,Phạm,Quang1111,minhquangpham3111211@gmail.com,test11111
23,Phạm,Quang11112,minhquangpham3311@gmail.com,pmq310122
24,Phạm1,Quang1,minhquangpham3111121@gmail.com,quang1234
25,Phạm,Quang123,minhquangpham1311@gmail.com,quangabc
